{"max": 0.024363648146390915, "max_step": 980, "min": 0.00023574088118039072, "min_step": 7771, "num": 8662}