{"max": -0.016709422692656517, "max_step": 0, "min": -0.022032052278518677, "min_step": 4, "num": 63}