{"max": -0.006165895611047745, "max_step": 0, "min": -0.18461531400680542, "min_step": 3421, "num": 3467}