{"max": 0.1692192136927042, "max_step": 101, "min": 0.028283787270775063, "min_step": 20, "num": 109}