{"max": 0.02807692065834999, "max_step": 1556, "min": 0.0015931539237499237, "min_step": 0, "num": 1581}