{"max": -0.02966058813035488, "max_step": 0, "min": -0.06450337171554565, "min_step": 61, "num": 63}