{"max": -0.009113514795899391, "max_step": 0, "min": -0.39237141609191895, "min_step": 358, "num": 360}