{"max":-0.0003606659302022308,"max_step":0,"min":-0.0006832320941612124,"min_step":18,"num":19}