{"Episode_rew/rew_action_difference": 0.00022017268929630518, "Episode_rew/rew_ang_vel_xy": -0.0198644008487463, "Episode_rew/rew_base_acc": 5.675607826560736e-05, "Episode_rew/rew_base_height": 0.00021473149536177516, "Episode_rew/rew_dof_acc": -0.03805617615580559, "Episode_rew/rew_dof_pos_limits": -0.0005032913177274168, "Episode_rew/rew_dof_vel": -0.002066767541691661, "Episode_rew/rew_foot_height": -0.0005248103989288211, "Episode_rew/rew_foot_position_stand": -8.432233698840719e-06, "Episode_rew/rew_lin_vel_z": -0.01035359501838684, "Episode_rew/rew_orientation": -0.0005564477178268135, "Episode_rew/rew_torques": 0.00027431652415543795, "Episode_rew/rew_tracking_ang_vel": 0.0017062034457921982, "Episode_rew/rew_tracking_lin_vel": 0.00253381859511137, "Episode_rew/rew_tracking_x_vel": 0.006897293031215668, "Episode_rew/rew_tracking_y_vel": 0.00907849334180355, "Loss/surrogate": -0.0027162845370185098, "Loss/learning_rate": 0.01, "Policy/mean_noise_std": 1.0030897855758667, "Perf/total_fps": 33008, "Perf/collection time": 2.6601407527923584, "Perf/learning_time": 0.3180208206176758, "Train/mean_reward": 0.1764536667894572, "Train/mean_episode_length": 14.12, "_timestamp": 1717381725.8348308, "_runtime": 117.23708772659302, "_step": 11, "_wandb": {"runtime": 115}}