{"max":4.858133316040039,"max_step":0,"min":0.8517224788665771,"min_step":19,"num":55}