{"max": -0.0012098917504772544, "max_step": 0, "min": -0.11530839651823044, "min_step": 571, "num": 590}