{"max": 0.2106228470802307, "max_step": 980, "min": 0.0034377165138721466, "min_step": 7591, "num": 8662}