{"max": 0.02046646736562252, "max_step": 107, "min": 0.007254491560161114, "min_step": 0, "num": 109}