{"Episode_rew/rew_action_difference": 0.004038358107209206, "Episode_rew/rew_ang_vel_xy": -0.04529830068349838, "Episode_rew/rew_base_acc": 0.00561879388988018, "Episode_rew/rew_base_height": 0.031992148607969284, "Episode_rew/rew_dof_acc": -0.059144821017980576, "Episode_rew/rew_dof_pos_limits": -0.0847858414053917, "Episode_rew/rew_dof_vel": -0.013493305072188377, "Episode_rew/rew_foot_height": -0.0064303940162062645, "Episode_rew/rew_foot_position_stand": -0.0017676431452855468, "Episode_rew/rew_lin_vel_z": -0.002395139541476965, "Episode_rew/rew_torques": 0.011617126874625683, "Episode_rew/rew_tracking_ang_vel": 0.24820922315120697, "Episode_rew/rew_tracking_lin_vel": 0.37235015630722046, "Episode_rew/rew_tracking_x_vel": 0.2205197811126709, "Episode_rew/rew_tracking_y_vel": 0.24485743045806885, "Loss/surrogate": 0.00048528207116760314, "Loss/learning_rate": 1.5000000000000004e-05, "Policy/mean_noise_std": 4.7011566162109375, "Perf/total_fps": 38719, "Perf/collection time": 2.2393198013305664, "Perf/learning_time": 0.2995760440826416, "Train/mean_reward": 18.196664147838018, "Train/mean_episode_length": 566.24, "_timestamp": 1717377539.045079, "_runtime": 42862.62497997284, "_step": 27931, "_wandb": {"runtime": 42857}}