{"max": -0.00014296015433501452, "max_step": 0, "min": -0.00039475824451074004, "min_step": 61, "num": 63}