{"max": 0.1793227195739746, "max_step": 0, "min": 0.1207578182220459, "min_step": 97, "num": 1581}