{"max": 0.03059181198477745, "max_step": 358, "min": 0.006963666062802076, "min_step": 0, "num": 360}