{"max": 4.307003498077393, "max_step": 0, "min": 0.462627649307251, "min_step": 2801, "num": 2821}