{"max": -0.00014193463721312582, "max_step": 0, "min": -0.0015379836549982429, "min_step": 338, "num": 360}