{"max": -0.00018443114822730422, "max_step": 0, "min": -0.003358384594321251, "min_step": 1020, "num": 8662}