{"max": 0.39127668738365173, "max_step": 2819, "min": 0.00710326200351119, "min_step": 0, "num": 2821}