{"Episode_rew/rew_action_difference": 0.0015406650491058826, "Episode_rew/rew_ang_vel_xy": -0.02388211339712143, "Episode_rew/rew_base_acc": 0.0007565502310171723, "Episode_rew/rew_base_height": 0.0001298038987442851, "Episode_rew/rew_dof_acc": -0.09108229726552963, "Episode_rew/rew_dof_pos_limits": -0.027983754873275757, "Episode_rew/rew_dof_vel": -0.003203660948202014, "Episode_rew/rew_feet_air_time": -0.0012052226811647415, "Episode_rew/rew_foot_height": -0.009830190800130367, "Episode_rew/rew_foot_position_stand": -0.00024379731621593237, "Episode_rew/rew_lin_vel_z": -0.005830810405313969, "Episode_rew/rew_orientation": -0.003877128940075636, "Episode_rew/rew_torques": 0.0019343220628798008, "Episode_rew/rew_tracking_ang_vel": 0.025783073157072067, "Episode_rew/rew_tracking_lin_vel": 0.04663163423538208, "Episode_rew/rew_tracking_x_vel": 0.11318409442901611, "Episode_rew/rew_tracking_y_vel": 0.15586885809898376, "Loss/surrogate": -0.00431808196590282, "Loss/learning_rate": 0.0003901844231062339, "Policy/mean_noise_std": 0.7830265164375305, "Perf/total_fps": 58652, "Perf/collection time": 1.3949437141418457, "Perf/learning_time": 0.28110289573669434, "Train/mean_reward": 3.7226383969187737, "Train/mean_episode_length": 91.97, "_timestamp": 1717396529.3841667, "_runtime": 1230.7392156124115, "_step": 562}