{"Episode_rew/rew_action_difference": 0.00863751769065857, "Episode_rew/rew_ang_vel_xy": -0.1052517220377922, "Episode_rew/rew_base_acc": 0.004792444407939911, "Episode_rew/rew_base_height": 0.000535600702278316, "Episode_rew/rew_dof_acc": -0.32221296429634094, "Episode_rew/rew_dof_pos_limits": -0.21068069338798523, "Episode_rew/rew_dof_vel": -0.008599577471613884, "Episode_rew/rew_feet_air_time": -0.006912845186889172, "Episode_rew/rew_foot_height": -0.06374146789312363, "Episode_rew/rew_foot_position_stand": -0.001179506885819137, "Episode_rew/rew_lin_vel_z": -0.020763888955116272, "Episode_rew/rew_orientation": -0.020605554804205894, "Episode_rew/rew_torques": 0.01195448637008667, "Episode_rew/rew_tracking_ang_vel": 0.16250523924827576, "Episode_rew/rew_tracking_lin_vel": 0.4460950791835785, "Episode_rew/rew_tracking_x_vel": 1.0245444774627686, "Episode_rew/rew_tracking_y_vel": 1.0350490808486938, "Loss/surrogate": -0.004912295774556696, "Loss/learning_rate": 0.0002562890625000001, "Policy/mean_noise_std": 1.1668375730514526, "Perf/total_fps": 57392, "Perf/collection time": 1.4148759841918945, "Perf/learning_time": 0.2979578971862793, "Train/mean_reward": 42.140916527397934, "Train/mean_episode_length": 622.3, "_timestamp": 1717397964.3365145, "_runtime": 2665.6915633678436, "_step": 1389, "_wandb": {"runtime": 2662}}