{"Episode_rew/rew_action_difference": 0.004418706521391869, "Episode_rew/rew_ang_vel_xy": -0.06171579286456108, "Episode_rew/rew_base_acc": 0.0021457932889461517, "Episode_rew/rew_base_height": 0.00032776789157651365, "Episode_rew/rew_dof_acc": -0.19556719064712524, "Episode_rew/rew_dof_pos_limits": -0.08327095210552216, "Episode_rew/rew_dof_vel": -0.006282317452132702, "Episode_rew/rew_feet_air_time": -0.0037564258091151714, "Episode_rew/rew_foot_height": -0.0290143471211195, "Episode_rew/rew_foot_position_stand": -0.0006147301173768938, "Episode_rew/rew_lin_vel_z": -0.012841485440731049, "Episode_rew/rew_orientation": -0.00933852232992649, "Episode_rew/rew_torques": 0.005599771626293659, "Episode_rew/rew_tracking_ang_vel": 0.07284639775753021, "Episode_rew/rew_tracking_lin_vel": 0.16321198642253876, "Episode_rew/rew_tracking_x_vel": 0.3907710313796997, "Episode_rew/rew_tracking_y_vel": 0.45895856618881226, "Loss/surrogate": -0.00214502525923308, "Loss/learning_rate": 0.00017341529915832616, "Policy/mean_noise_std": 0.7919808626174927, "Perf/total_fps": 57585, "Perf/collection time": 1.4120886325836182, "Perf/learning_time": 0.29502153396606445, "Train/mean_reward": 18.733002535104752, "Train/mean_episode_length": 333.82, "_timestamp": 1717396725.858066, "_runtime": 1427.213114976883, "_step": 679}