{"max": 0.122822105884552, "max_step": 1556, "min": 0.007071373984217644, "min_step": 0, "num": 1581}