{"Episode_rew/rew_action_rate": -0.006377208977937698, "Episode_rew/rew_ang_vel_xy": -0.021046649664640427, "Episode_rew/rew_dof_acc": -0.04116310179233551, "Episode_rew/rew_dof_pos_limits": -0.0018772132461890578, "Episode_rew/rew_joint_power": -0.0009408799814991653, "Episode_rew/rew_lin_vel_z": -0.05828537046909332, "Episode_rew/rew_orientation": -0.0012730079470202327, "Episode_rew/rew_smoothness": -0.018612705171108246, "Episode_rew/rew_stand_still": -0.0002550728677306324, "Episode_rew/rew_termination": -0.19999998807907104, "Episode_rew/rew_torques": -0.000595323508605361, "Episode_rew/rew_tracking_ang_vel": 0.002506026066839695, "Episode_rew/rew_tracking_lin_vel": 0.009301467798650265, "Episode_rew/terrain_level": 0.068572998046875, "Loss/surrogate": 0.008342105171323055, "Loss/learning_rate": 0.0029629629629629624, "Policy/mean_noise_std": 1.0281381607055664, "Perf/total_fps": 40999, "Perf/collection time": 2.058961868286133, "Perf/learning_time": 0.33872270584106445, "Train/mean_reward": -3.9810643863677977, "Train/mean_episode_length": 20.45, "_timestamp": 1717315995.6108208, "_runtime": 83.45137977600098, "_step": 5}