{"Episode_rew/rew_action_rate": -0.7534323930740356, "Episode_rew/rew_ang_vel_xy": -0.0868978351354599, "Episode_rew/rew_dof_acc": -0.28307756781578064, "Episode_rew/rew_dof_pos_limits": -0.026386719197034836, "Episode_rew/rew_joint_power": -0.006585221737623215, "Episode_rew/rew_lin_vel_z": -0.15296447277069092, "Episode_rew/rew_orientation": -0.005972634069621563, "Episode_rew/rew_smoothness": -1.5695961713790894, "Episode_rew/rew_stand_still": -0.0036147895734757185, "Episode_rew/rew_termination": -0.19695979356765747, "Episode_rew/rew_torques": -0.011377367191016674, "Episode_rew/rew_tracking_ang_vel": 0.014604689553380013, "Episode_rew/rew_tracking_lin_vel": 0.07034972310066223, "Episode_rew/terrain_level": 0.52825927734375, "Loss/surrogate": -0.014721331486362033, "Loss/learning_rate": 0.0003901844231062339, "Policy/mean_noise_std": 2.254037618637085, "Perf/total_fps": 8668, "Perf/collection time": 11.069493293762207, "Perf/learning_time": 0.27076005935668945, "Train/mean_reward": -3.839874572753906, "Train/mean_episode_length": 197.18, "_timestamp": 1717317471.7889793, "_runtime": 1559.6295382976532, "_step": 712, "_wandb": {"runtime": 1564}}