{"max": -0.001301203272305429, "max_step": 0, "min": -0.04551286995410919, "min_step": 1889, "num": 1890}