{"max": 6875.13037109375, "max_step": 0, "min": 5.507146835327148, "min_step": 89, "num": 360}