{"max": 6847.55419921875, "max_step": 0, "min": 6.097263336181641, "min_step": 387, "num": 590}