{"max": 0.22185373306274414, "max_step": 0, "min": 0.12113261222839355, "min_step": 36, "num": 49}