{"max": -0.014279562048614025, "max_step": 2402, "min": -0.06006127595901489, "min_step": 2, "num": 2821}