{"max": 42.831099316291514, "max_step": 4410, "min": -0.01004144643084146, "min_step": 146, "num": 8662}