{"max": 0.060001954436302185, "max_step": 648, "min": 0.007097048219293356, "min_step": 0, "num": 649}