{"max": -0.0006449003121815622, "max_step": 0, "min": -0.0014155632816255093, "min_step": 62, "num": 63}