{"max": -0.009124037809669971, "max_step": 0, "min": -0.02007046341896057, "min_step": 19, "num": 49}