{"max": 0.015621661208570004, "max_step": 61, "min": 0.00699639692902565, "min_step": 0, "num": 63}