{"max": -0.0011893821647390723, "max_step": 0, "min": -0.001965284813195467, "min_step": 20, "num": 49}