{"max": -0.0003635156899690628, "max_step": 0, "min": -0.0009718833025544882, "min_step": 101, "num": 109}