{"max": 1.1806458234786987, "max_step": 39, "min": 0.6591842770576477, "min_step": 1240, "num": 1401}