{"max": -0.0022582949604839087, "max_step": 0, "min": -0.009997747838497162, "min_step": 1386, "num": 1401}