{"max": 0.2733917236328125, "max_step": 0, "min": 0.12125682830810547, "min_step": 1412, "num": 3467}