{"max": -0.0012990650720894337, "max_step": 0, "min": -0.009222675114870071, "min_step": 841, "num": 914}