{"max": -0.008584708906710148, "max_step": 406, "min": -0.01959999091923237, "min_step": 22, "num": 649}