{"max": 6.916969914976508, "max_step": 2627, "min": 0.008673571348190308, "min_step": 1, "num": 2821}