{"max": 6860.56201171875, "max_step": 0, "min": 5.588695526123047, "min_step": 61, "num": 63}