{"max": -4.7176949453353885, "max_step": 1312, "min": -8.212432956695556, "min_step": 4, "num": 1401}