{"max": -0.0022617639042437077, "max_step": 0, "min": -0.007271368056535721, "min_step": 101, "num": 109}