{"Episode_rew/rew_action_difference": 0.0023268198128789663, "Episode_rew/rew_ang_vel_xy": -0.019322330132126808, "Episode_rew/rew_base_acc": 0.0012846183963119984, "Episode_rew/rew_base_height": 9.896152187138796e-05, "Episode_rew/rew_dof_acc": -0.018690118566155434, "Episode_rew/rew_dof_pos_limits": -0.03066747449338436, "Episode_rew/rew_dof_vel": -0.0005656813737004995, "Episode_rew/rew_foot_height": -0.02352343313395977, "Episode_rew/rew_foot_position_stand": -0.00042303427471779287, "Episode_rew/rew_lin_vel_z": -0.002596934325993061, "Episode_rew/rew_torques": 0.0032395857851952314, "Episode_rew/rew_tracking_ang_vel": 0.05781373381614685, "Episode_rew/rew_tracking_lin_vel": 0.09342668950557709, "Episode_rew/rew_tracking_x_vel": 0.05538686364889145, "Episode_rew/rew_tracking_y_vel": 0.06747239828109741, "Loss/surrogate": -0.0037435809121234343, "Loss/learning_rate": 0.00026012294873748907, "Policy/mean_noise_std": 1.3876593112945557, "Perf/total_fps": 44682, "Perf/collection time": 1.9134039878845215, "Perf/learning_time": 0.28664708137512207, "Train/mean_reward": 2.6072637445433067, "Train/mean_episode_length": 109.61, "_timestamp": 1717334626.2617698, "_runtime": 1638.8128838539124, "_step": 775, "_wandb": {"runtime": 1639}}