{"max": 4.630074501037598, "max_step": 0, "min": 0.5158331394195557, "min_step": 2, "num": 63}