{"max": 0.00627728180916165, "max_step": 0, "min": -0.009455547155812382, "min_step": 697, "num": 1401}