{"max": -0.1355673372745514, "max_step": 0, "min": -0.20000001788139343, "min_step": 13, "num": 360}