{"max": 0.26411890983581543, "max_step": 0, "min": 0.12061214447021484, "min_step": 1456, "num": 1890}