{"max": 0.0029270134400576353, "max_step": 105, "min": 0.0008198404684662819, "min_step": 0, "num": 109}