{"max":-0.003344641998410225,"max_step":0,"min":-0.007913807407021523,"min_step":18,"num":19}