{"max": -0.01412270125001669, "max_step": 1394, "min": -0.04153449833393097, "min_step": 14, "num": 1401}