{"max": -0.0033311787992715836, "max_step": 0, "min": -0.014238226227462292, "min_step": 62, "num": 63}