{"max":-0.0006545159849338233,"max_step":0,"min":-0.0010589547455310822,"min_step":18,"num":19}