{"max": 0.031220141798257828, "max_step": 980, "min": 0.0006114908610470593, "min_step": 7592, "num": 8662}