{"max":-0.01773664355278015,"max_step":39,"min":-1.148458480834961,"min_step":44,"num":55}