{"max": 0.37939566373825073, "max_step": 1889, "min": 0.0069162845611572266, "min_step": 0, "num": 1890}