{"max": 6834.89794921875, "max_step": 0, "min": 5.609544277191162, "min_step": 104, "num": 1581}