{"max": -0.0001527145504951477, "max_step": 0, "min": -0.01121657993644476, "min_step": 2616, "num": 2821}