{"max": -0.016629155725240707, "max_step": 0, "min": -0.04027804359793663, "min_step": 350, "num": 360}