{"max": -0.002584168454632163, "max_step": 7602, "min": -0.023080509155988693, "min_step": 992, "num": 8662}