{"max": 0.008237111016205745, "max_step": 0, "min": -0.0059433551883557815, "min_step": 48, "num": 49}