{"max": 0.007709973491728306, "max_step": 357, "min": 0.0015536013524979353, "min_step": 0, "num": 360}