{"max": 8.059712171554565, "max_step": 0, "min": 0.5533039569854736, "min_step": 2, "num": 109}