{"max": -0.023802965879440308, "max_step": 1000, "min": -0.047460757195949554, "min_step": 97, "num": 1890}