{"max": 6828.38232421875, "max_step": 0, "min": 5.338619232177734, "min_step": 106, "num": 109}