{"max":-0.0010171442991122603,"max_step":43,"min":-0.0022459831088781357,"min_step":0,"num":55}