{"max":-0.0007460068445652723,"max_step":0,"min":-0.0012918225256726146,"min_step":1,"num":19}