{"max": -0.0011971641797572374, "max_step": 0, "min": -0.003918465226888657, "min_step": 105, "num": 109}