{"max": -0.0012038587592542171, "max_step": 0, "min": -0.05068476125597954, "min_step": 1565, "num": 1581}