{"max": -0.004680622834712267, "max_step": 405, "min": -0.021706104278564453, "min_step": 2, "num": 649}