{"max": -0.008925821632146835, "max_step": 1183, "min": -0.02522280067205429, "min_step": 1, "num": 1401}