{"max": -0.000787758210208267, "max_step": 0, "min": -0.0019677281379699707, "min_step": 1076, "num": 1401}