{"max": 0.18260642886161804, "max_step": 3360, "min": 0.0015617174794897437, "min_step": 0, "num": 3467}