{"max": -0.00036785099655389786, "max_step": 0, "min": -0.0019441716140136123, "min_step": 1393, "num": 1401}