{"max": 6917.69287109375, "max_step": 0, "min": 5.049242973327637, "min_step": 48, "num": 49}