{"max": -0.0006650848663412035, "max_step": 0, "min": -0.013843859545886517, "min_step": 1708, "num": 8662}