{"max": -0.00928104855120182, "max_step": 384, "min": -0.04171351343393326, "min_step": 14, "num": 649}