{"max": 1.640751838684082, "max_step": 359, "min": 1.004390001296997, "min_step": 0, "num": 360}