{"max": -0.006181169301271439, "max_step": 0, "min": -0.016197625547647476, "min_step": 912, "num": 914}