{"max": -0.0033258337061852217, "max_step": 0, "min": -0.0072562783025205135, "min_step": 24, "num": 49}