{"max": 1.0155305862426758, "max_step": 25, "min": 0.5520265698432922, "min_step": 3459, "num": 3467}