{"max": -0.00035976344952359796, "max_step": 0, "min": -0.0006282995454967022, "min_step": 17, "num": 49}