{"max": -3.484539813995361, "max_step": 647, "min": -6.943125648498535, "min_step": 5, "num": 649}