{"max": 0.004571863450109959, "max_step": 357, "min": 0.0006017159903421998, "min_step": 0, "num": 360}