{"max":0.4112064838409424,"max_step":1,"min":0.01120201125741005,"min_step":52,"num":55}