{"max": -0.0007414676947519183, "max_step": 0, "min": -0.0020866829436272383, "min_step": 648, "num": 649}