{"max":-4.0391358197666705e-5,"max_step":0,"min":-0.00024126247444655746,"min_step":43,"num":55}