{"max": 0.009769782423973083, "max_step": 17, "min": 0.007094772066920996, "min_step": 0, "num": 49}