{"max": 3.2711873054504395, "max_step": 589, "min": 1.005714774131775, "min_step": 0, "num": 590}