{"max": -0.001186137436889112, "max_step": 0, "min": -0.013957757502794266, "min_step": 648, "num": 649}