{"max": 6970.28076171875, "max_step": 0, "min": 1.8370329141616821, "min_step": 2621, "num": 2821}