{"max": -0.007106021046638489, "max_step": 527, "min": -0.058573585003614426, "min_step": 4, "num": 1401}