{"max": -0.017155885696411133, "max_step": 627, "min": -0.1012619361281395, "min_step": 3422, "num": 3467}