{"max": 5.636895656585693, "max_step": 0, "min": 0.5739331245422363, "min_step": 1083, "num": 1401}