{"max": -0.011118082329630852, "max_step": 0, "min": -4.109062194824219, "min_step": 571, "num": 590}