{"max": 0.2170703411102295, "max_step": 0, "min": 0.12183761596679688, "min_step": 182, "num": 1401}