{"max": -0.00912757683545351, "max_step": 0, "min": -0.06621353328227997, "min_step": 2819, "num": 2821}