{"max": -0.010428047738969326, "max_step": 7786, "min": -0.05756791681051254, "min_step": 6351, "num": 8662}