{"max": 4.3934831619262695, "max_step": 1580, "min": 1.0043861865997314, "min_step": 0, "num": 1581}