{"max": -0.03070507012307644, "max_step": 0, "min": -0.3006274104118347, "min_step": 571, "num": 590}