{"max": -0.13545364141464233, "max_step": 0, "min": -0.20000001788139343, "min_step": 7, "num": 649}