{"max":-0.001211231225170195,"max_step":0,"min":-0.0022925485391169786,"min_step":18,"num":19}