{"max": -0.017705587670207024, "max_step": 0, "min": -0.10916689038276672, "min_step": 576, "num": 590}