{"max": -0.027198750525712967, "max_step": 47, "min": -0.060983117669820786, "min_step": 4, "num": 49}