{"max":-0.0011706759687513113,"max_step":0,"min":-0.009306274354457855,"min_step":45,"num":55}