{"max":-3.93207192260772,"max_step":0,"min":-3.989155042171478,"min_step":16,"num":19}