{"max": -3.501601895550266e-06, "max_step": 0, "min": -7.956994522828609e-06, "min_step": 867, "num": 914}