{"max": -0.0033276795875281096, "max_step": 0, "min": -0.04620750993490219, "min_step": 2819, "num": 2821}