{"max": -0.003326810896396637, "max_step": 0, "min": -0.011123282834887505, "min_step": 648, "num": 649}