{"max": -0.001199269201606512, "max_step": 0, "min": -0.00782158225774765, "min_step": 356, "num": 360}