{"max": 7.997302770614624, "max_step": 0, "min": 0.4686152935028076, "min_step": 438, "num": 649}