{"max": -0.03037862479686737, "max_step": 0, "min": -0.36262720823287964, "min_step": 1559, "num": 1581}