{"max": 0.009469668260862818, "max_step": 547, "min": -0.008228297604364342, "min_step": 104, "num": 649}