{"max": 0.06382658332586288, "max_step": 577, "min": 0.0015898057026788592, "min_step": 0, "num": 590}