{"Episode_rew/rew_action_rate": -0.6930415034294128, "Episode_rew/rew_ang_vel_xy": -0.05379254370927811, "Episode_rew/rew_base_acc": 0.0006833013030700386, "Episode_rew/rew_base_height": 0.0007440971094183624, "Episode_rew/rew_dof_acc": -0.19312076270580292, "Episode_rew/rew_dof_pos_limits": -0.04833652824163437, "Episode_rew/rew_dof_vel": -0.004667059984058142, "Episode_rew/rew_foot_height": -0.01907343417406082, "Episode_rew/rew_joint_power": -0.004054318182170391, "Episode_rew/rew_lin_vel_z": -0.0981508195400238, "Episode_rew/rew_orientation": -0.0061007714830338955, "Episode_rew/rew_smoothness": -1.9902923107147217, "Episode_rew/rew_stand_still": -0.013803243637084961, "Episode_rew/rew_termination": -0.18754097819328308, "Episode_rew/rew_torques": -0.011125410906970501, "Episode_rew/rew_tracking_ang_vel": 0.02860202267765999, "Episode_rew/rew_tracking_lin_vel": 0.15156230330467224, "Episode_rew/terrain_level": 0.051483154296875, "Loss/surrogate": -0.014809692546259611, "Loss/learning_rate": 0.00026012294873748923, "Policy/mean_noise_std": 2.7699532508850098, "Perf/total_fps": 8059, "Perf/collection time": 11.914081335067749, "Perf/learning_time": 0.28306055068969727, "Train/mean_reward": -3.6795239498466255, "Train/mean_episode_length": 157.5, "_timestamp": 1717323027.8205543, "_runtime": 1900.4408922195435, "_step": 775, "_wandb": {"runtime": 1906}}