{"max":0.0027816190849989653,"max_step":16,"min":0.0016374122351408005,"min_step":0,"num":19}