{"max": 0.005526264171930961, "max_step": 0, "min": -0.015744723279203753, "min_step": 98, "num": 914}