{"max": 0.9988557696342468, "max_step": 1, "min": 0.5756942629814148, "min_step": 778, "num": 914}