{"max": -0.0003389772609807551, "max_step": 7598, "min": -0.008500160649418831, "min_step": 6958, "num": 8662}