{"max": -0.0006481807795353234, "max_step": 0, "min": -0.003221153747290373, "min_step": 357, "num": 360}