{"max": 0.299746036529541, "max_step": 571, "min": 0.006920929998159409, "min_step": 0, "num": 590}