{"max": 1.0031205415725708, "max_step": 3, "min": 0.562530517578125, "min_step": 800, "num": 1890}