{"max": 0.22675275802612305, "max_step": 4721, "min": 0.11990165710449219, "min_step": 4232, "num": 8662}