{"max": -0.0003617368347477168, "max_step": 0, "min": -0.026590745896100998, "min_step": 571, "num": 590}