{"Episode_rew/rew_action_difference": 0.007215996738523245, "Episode_rew/rew_ang_vel_xy": -0.059113722294569016, "Episode_rew/rew_base_acc": 0.006369945593178272, "Episode_rew/rew_base_height": 0.00041967746801674366, "Episode_rew/rew_dof_acc": -0.24608568847179413, "Episode_rew/rew_dof_pos_limits": -0.1118280440568924, "Episode_rew/rew_dof_vel": -0.0057557448744773865, "Episode_rew/rew_feet_air_time": -0.009186209179461002, "Episode_rew/rew_foot_height": -0.052562080323696136, "Episode_rew/rew_foot_position_stand": -0.0005241794278845191, "Episode_rew/rew_lin_vel_z": -0.0203848984092474, "Episode_rew/rew_orientation": -0.014464996755123138, "Episode_rew/rew_torques": 0.014720614068210125, "Episode_rew/rew_tracking_ang_vel": 0.19788877665996552, "Episode_rew/rew_tracking_lin_vel": 0.5385804176330566, "Episode_rew/rew_tracking_x_vel": 1.2450900077819824, "Episode_rew/rew_tracking_y_vel": 1.2666596174240112, "Loss/surrogate": -0.006098901131190359, "Loss/learning_rate": 0.0002562890625000001, "Policy/mean_noise_std": 2.776949167251587, "Perf/total_fps": 36363, "Perf/collection time": 2.394293785095215, "Perf/learning_time": 0.30908846855163574, "Train/mean_reward": 58.36250859502703, "Train/mean_episode_length": 768.11, "_timestamp": 1717394716.6741335, "_runtime": 4983.574051618576, "_step": 2773, "_wandb": {"runtime": 4980}}