{"Episode_rew/rew_action_difference": 0.0093893026933074, "Episode_rew/rew_ang_vel_xy": -0.08220341801643372, "Episode_rew/rew_base_acc": 0.0041055334731936455, "Episode_rew/rew_base_height": 0.015937820076942444, "Episode_rew/rew_dof_acc": -0.16131888329982758, "Episode_rew/rew_dof_pos_limits": -0.05730442330241203, "Episode_rew/rew_dof_vel": -0.0038068878930062056, "Episode_rew/rew_foot_height": -0.028485357761383057, "Episode_rew/rew_foot_position_stand": -0.0007831406546756625, "Episode_rew/rew_lin_vel_z": -0.018439967185258865, "Episode_rew/rew_orientation": -0.014060760848224163, "Episode_rew/rew_torques": 0.01317946519702673, "Episode_rew/rew_tracking_ang_vel": 0.17822358012199402, "Episode_rew/rew_tracking_lin_vel": 0.4813910126686096, "Episode_rew/rew_tracking_x_vel": 0.8458256721496582, "Episode_rew/rew_tracking_y_vel": 0.8398517370223999, "Loss/surrogate": -0.008383747490734094, "Loss/learning_rate": 0.00026012294873748923, "Policy/mean_noise_std": 1.120604157447815, "Perf/total_fps": 35639, "Perf/collection time": 2.4497060775756836, "Perf/learning_time": 0.30856871604919434, "Train/mean_reward": 41.26830726172775, "Train/mean_episode_length": 664.7, "_timestamp": 1717383696.023729, "_runtime": 1923.5805599689484, "_step": 1034, "_wandb": {"runtime": 1921}}