{"max": -0.008928886614739895, "max_step": 873, "min": -0.022695286199450493, "min_step": 4, "num": 2821}