{"max": -0.13587260246276855, "max_step": 0, "min": -0.20000001788139343, "min_step": 2, "num": 1581}