{"max": -0.13626377284526825, "max_step": 0, "min": -0.20000001788139343, "min_step": 10, "num": 1401}