{"max":1.0655137300491333,"max_step":18,"min":1.0050686597824097,"min_step":0,"num":19}