{"max":-0.13523134589195251,"max_step":0,"min":-0.20000001788139343,"min_step":6,"num":19}