{"max": 0.020203765481710434, "max_step": 912, "min": 0.001535222283564508, "min_step": 0, "num": 914}