{"max": 0.006306865502847358, "max_step": 10, "min": -0.011091955209849402, "min_step": 59, "num": 63}