{"max": 4.91104793548584, "max_step": 1830, "min": 0.48418712615966797, "min_step": 1755, "num": 1890}