{"max": -0.0033224038779735565, "max_step": 0, "min": -0.13107870519161224, "min_step": 358, "num": 360}