{"max": 0.27097272872924805, "max_step": 0, "min": 0.17099452018737793, "min_step": 88, "num": 914}