{"max": -0.00014385899703484029, "max_step": 0, "min": -0.007016658317297697, "min_step": 1552, "num": 1581}