{"max":0.9108201861381531,"max_step":11,"min":0.8800370693206787,"min_step":53,"num":55}