{"Episode_rew/rew_action_rate": -0.005289980210363865, "Episode_rew/rew_ang_vel_xy": -0.006152821704745293, "Episode_rew/rew_base_acc": 0.0005386258708313107, "Episode_rew/rew_base_height": 0.0003070973325520754, "Episode_rew/rew_dof_acc": -0.017177067697048187, "Episode_rew/rew_dof_pos_limits": -0.0071532391011714935, "Episode_rew/rew_dof_vel": -0.0016817752039059997, "Episode_rew/rew_foot_height": -0.004327043890953064, "Episode_rew/rew_joint_power": -0.0014279464958235621, "Episode_rew/rew_lin_vel_z": -0.0032920255325734615, "Episode_rew/rew_orientation": -0.0014267668593674898, "Episode_rew/rew_smoothness": -0.005991322919726372, "Episode_rew/rew_stand_still": -0.003016676753759384, "Episode_rew/rew_torques": -0.0015467483317479491, "Episode_rew/rew_tracking_ang_vel": 0.03228124603629112, "Episode_rew/rew_tracking_lin_vel": 0.019951313734054565, "Loss/surrogate": -0.0014452948307734914, "Loss/learning_rate": 0.00017341529915832616, "Policy/mean_noise_std": 0.3019777238368988, "Perf/total_fps": 40561, "Perf/collection time": 2.1531033515930176, "Perf/learning_time": 0.2704653739929199, "Train/mean_reward": 0.5297038897732272, "Train/mean_episode_length": 55.25, "_timestamp": 1717330074.083051, "_runtime": 3171.385040998459, "_step": 1604, "_wandb": {"runtime": 3167}}