{"max": -0.0061787827871739864, "max_step": 0, "min": -0.05656036362051964, "min_step": 1889, "num": 1890}