{"max": -0.00014328559336718172, "max_step": 0, "min": -0.00026494701160117984, "min_step": 11, "num": 49}