{"max": 0.06928864866495132, "max_step": 1887, "min": 0.0016325616743415594, "min_step": 0, "num": 1890}