{"max": 0.1891951560974121, "max_step": 0, "min": 0.12050890922546387, "min_step": 1, "num": 649}