{"max": 0.0030305280815809965, "max_step": 61, "min": 0.0009050535736605525, "min_step": 0, "num": 63}