{"max": -0.0022372622042894363, "max_step": 0, "min": -0.011218518018722534, "min_step": 912, "num": 914}