{"max": -0.00036798790097236633, "max_step": 0, "min": -0.013000896200537682, "min_step": 1887, "num": 1890}