{"max": -0.01239322405308485, "max_step": 972, "min": -0.025806397199630737, "min_step": 5, "num": 1890}