{"max": 1.0630038976669312, "max_step": 29, "min": 0.5426999926567078, "min_step": 483, "num": 649}