{"max": 1.0344053506851196, "max_step": 17, "min": 0.9148931503295898, "min_step": 108, "num": 109}