{"max": 2.3258769512176514, "max_step": 0, "min": 0.49936890602111816, "min_step": 1, "num": 360}