{"max": -0.0007452912395820022, "max_step": 0, "min": -0.012476213276386261, "min_step": 1561, "num": 1581}