{"max": 6860.0244140625, "max_step": 0, "min": 4.388708591461182, "min_step": 130, "num": 1401}