{"max": -0.03061603382229805, "max_step": 0, "min": -0.05913424491882324, "min_step": 77, "num": 109}