{"max": -0.012960112653672695, "max_step": 820, "min": -0.06780153512954712, "min_step": 3421, "num": 3467}