{"max": 1.0060137510299683, "max_step": 3, "min": 0.4947994351387024, "min_step": 644, "num": 2821}