{"max": -0.04748229682445526, "max_step": 36, "min": -0.1720929592847824, "min_step": 1551, "num": 1581}