{"max": 6.053497076034546, "max_step": 563, "min": 0.5202910900115967, "min_step": 1, "num": 590}