{"max": 0.06108392775058746, "max_step": 2665, "min": 0.001548027852550149, "min_step": 0, "num": 2821}