{"Episode_rew/rew_action_difference": 0.005371249280869961, "Episode_rew/rew_ang_vel_xy": -0.03825578838586807, "Episode_rew/rew_base_acc": 0.002377447672188282, "Episode_rew/rew_base_height": 0.00899986270815134, "Episode_rew/rew_dof_acc": -0.09078431129455566, "Episode_rew/rew_dof_pos_limits": -0.03106771968305111, "Episode_rew/rew_dof_vel": -0.0025193612091243267, "Episode_rew/rew_feet_air_time": -0.003564773127436638, "Episode_rew/rew_foot_height": -0.014457959681749344, "Episode_rew/rew_foot_position_stand": -0.0003171577991452068, "Episode_rew/rew_lin_vel_z": -0.010495471768081188, "Episode_rew/rew_orientation": -0.005913763307034969, "Episode_rew/rew_torques": 0.006848135497421026, "Episode_rew/rew_tracking_ang_vel": 0.08944743871688843, "Episode_rew/rew_tracking_lin_vel": 0.2122243344783783, "Episode_rew/rew_tracking_x_vel": 0.3820049464702606, "Episode_rew/rew_tracking_y_vel": 0.4230814576148987, "Loss/surrogate": -0.006835866847541183, "Loss/learning_rate": 0.0003844335937500001, "Policy/mean_noise_std": 0.7802143096923828, "Perf/total_fps": 38083, "Perf/collection time": 2.2988874912261963, "Perf/learning_time": 0.28236842155456543, "Train/mean_reward": 19.77199972692877, "Train/mean_episode_length": 355.6, "_timestamp": 1717384679.0496352, "_runtime": 749.081493139267, "_step": 368, "_wandb": {"runtime": 743}}