{"max": -0.0006450368091464043, "max_step": 0, "min": -0.0009619583142921329, "min_step": 17, "num": 49}