{"max": -0.0007405937649309635, "max_step": 0, "min": -0.003424945054575801, "min_step": 357, "num": 360}