{"max":-0.016043860465288162,"max_step":0,"min":-0.02189350686967373,"min_step":5,"num":19}