{"max":-6.805443263147026e-5,"max_step":0,"min":-0.0012131950352340937,"min_step":43,"num":55}