{"max": -0.0011863447725772858, "max_step": 0, "min": -0.003558772150427103, "min_step": 61, "num": 63}