{"max": -0.029294084757566452, "max_step": 0, "min": -0.04735428839921951, "min_step": 57, "num": 914}