{"max": -0.055017244070768356, "max_step": 0, "min": -0.20231352746486664, "min_step": 576, "num": 590}