{"max": 6.65538215637207, "max_step": 163, "min": 0.543414831161499, "min_step": 157, "num": 914}