{"max": -0.00035914775799028575, "max_step": 0, "min": -0.0036651070695370436, "min_step": 357, "num": 360}