{"max": 6881.82568359375, "max_step": 0, "min": 1.6477396488189697, "min_step": 3363, "num": 3467}