{"max": 0.17908668518066406, "max_step": 0, "min": 0.12123441696166992, "min_step": 35, "num": 63}