{"max": 4.673234939575195, "max_step": 0, "min": 0.48332810401916504, "min_step": 1722, "num": 8662}