{"max":-0.00014308193931356072,"max_step":0,"min":-0.0002845130511559546,"min_step":16,"num":19}