{"max": -3.519052825140534e-06, "max_step": 0, "min": -8.949381299316883e-05, "min_step": 3067, "num": 3467}