{"max": -0.0022567003034055233, "max_step": 0, "min": -0.038838133215904236, "min_step": 1889, "num": 1890}