{"Episode_rew/rew_action_difference": 0.007333225570619106, "Episode_rew/rew_ang_vel_xy": -0.059030018746852875, "Episode_rew/rew_base_acc": 0.004021275322884321, "Episode_rew/rew_base_height": 0.02658248506486416, "Episode_rew/rew_dof_acc": -0.17664502561092377, "Episode_rew/rew_dof_pos_limits": -0.08815489709377289, "Episode_rew/rew_dof_vel": -0.004796645604074001, "Episode_rew/rew_foot_height": -0.02454042062163353, "Episode_rew/rew_foot_position_stand": -0.0007378868758678436, "Episode_rew/rew_lin_vel_z": -0.019297439604997635, "Episode_rew/rew_torques": 0.011526915244758129, "Episode_rew/rew_tracking_ang_vel": 0.16867582499980927, "Episode_rew/rew_tracking_lin_vel": 0.39961308240890503, "Episode_rew/rew_tracking_x_vel": 0.7062486410140991, "Episode_rew/rew_tracking_y_vel": 0.7289342880249023, "Loss/surrogate": -0.0037438017228851096, "Loss/learning_rate": 0.00017341529915832616, "Policy/mean_noise_std": 1.4871697425842285, "Perf/total_fps": 35667, "Perf/collection time": 2.4940850734710693, "Perf/learning_time": 0.2620658874511719, "Train/mean_reward": 32.87602411709726, "Train/mean_episode_length": 561.22, "_timestamp": 1717381403.2413511, "_runtime": 3804.3739252090454, "_step": 1961, "_wandb": {"runtime": 3799}}