{"max": -0.006199345923960209, "max_step": 0, "min": -0.016204901039600372, "min_step": 26, "num": 1401}