{"max": -0.029008962213993073, "max_step": 48, "min": -0.042392563074827194, "min_step": 16, "num": 49}