{"max": 0.022941259667277336, "max_step": 1392, "min": 0.004647061228752136, "min_step": 268, "num": 1401}