{"max": -0.01234213076531887, "max_step": 0, "min": -160.0756072998047, "min_step": 6958, "num": 8662}