{"max": 0.37004852294921875, "max_step": 0, "min": 0.2193601131439209, "min_step": 58, "num": 109}