{"max": -0.0003586944658309221, "max_step": 0, "min": -0.002033808035776019, "min_step": 648, "num": 649}