{"Episode_rew/rew_action_rate": -0.5460755228996277, "Episode_rew/rew_ang_vel_xy": -0.04701288044452667, "Episode_rew/rew_base_acc": 0.00027352027245797217, "Episode_rew/rew_base_height": 0.0012780074030160904, "Episode_rew/rew_dof_acc": -0.24637407064437866, "Episode_rew/rew_dof_pos_limits": -0.01391616277396679, "Episode_rew/rew_dof_vel": -0.006260046269744635, "Episode_rew/rew_foot_height": -0.012312961742281914, "Episode_rew/rew_joint_power": -0.004932546988129616, "Episode_rew/rew_lin_vel_z": -0.08062119036912918, "Episode_rew/rew_orientation": -0.002383474726229906, "Episode_rew/rew_smoothness": -1.3638131618499756, "Episode_rew/rew_stand_still": -0.005805663764476776, "Episode_rew/rew_termination": -0.1992487609386444, "Episode_rew/rew_torques": -0.007599908858537674, "Episode_rew/rew_tracking_ang_vel": 0.011144621297717094, "Episode_rew/rew_tracking_lin_vel": 0.05380480736494064, "Episode_rew/terrain_level": 0.2900797724723816, "Loss/surrogate": -0.01611689745914191, "Loss/learning_rate": 0.00039018442310623366, "Policy/mean_noise_std": 2.3662617206573486, "Perf/total_fps": 32804, "Perf/collection time": 2.6917295455932617, "Perf/learning_time": 0.3049147129058838, "Train/mean_reward": -3.999908504486084, "Train/mean_episode_length": 106.94, "_timestamp": 1717324934.1642046, "_runtime": 1865.606877565384, "_step": 776, "_wandb": {"runtime": 1861}}