{"max": -0.00036046546301804483, "max_step": 0, "min": -0.0010006545344367623, "min_step": 62, "num": 63}