{"max": 0.01752806454896927, "max_step": 1578, "min": 0.0008935244986787438, "min_step": 0, "num": 1581}