{"max": 1.4003713130950928, "max_step": 3446, "min": 0.00685696629807353, "min_step": 0, "num": 3467}