{"max": 6744.9150390625, "max_step": 0, "min": 3.1801302433013916, "min_step": 865, "num": 914}