{"max": 0.04219614714384079, "max_step": 1889, "min": 0.0009227999253198504, "min_step": 0, "num": 1890}