{"max": 1.0782426595687866, "max_step": 8661, "min": 0.5121437907218933, "min_step": 531, "num": 8662}