{"max": -0.00014597439439967275, "max_step": 0, "min": -0.0014056697255000472, "min_step": 645, "num": 649}