{"max": 7.847149982145056, "max_step": 1793, "min": 0.023068149755708874, "min_step": 4, "num": 1890}