{"max":-0.0002590390795376152,"max_step":0,"min":-0.004658292513340712,"min_step":43,"num":55}