{"max": 0.06953520327806473, "max_step": 912, "min": 0.006889637093991041, "min_step": 0, "num": 914}