{"max":0.1423041820526123,"max_step":0,"min":0.09315609931945801,"min_step":16,"num":19}