{"max": -0.004351723473519087, "max_step": 553, "min": -0.02056267112493515, "min_step": 7049, "num": 8662}