{"max": -0.00015168737445492297, "max_step": 0, "min": -0.0011407645652070642, "min_step": 1336, "num": 1401}