{"max": 1.0766267776489258, "max_step": 26, "min": 1.0038206577301025, "min_step": 0, "num": 49}