{"max":0.018971478566527367,"max_step":43,"min":8.633475954411551e-5,"min_step":0,"num":55}