{"max": -0.0007461075438186526, "max_step": 0, "min": -0.009237847290933132, "min_step": 2706, "num": 2821}