{"max":-0.053817521780729294,"max_step":0,"min":-0.06220501661300659,"min_step":11,"num":19}