{"max": -3.4876693462138064e-06, "max_step": 0, "min": -2.0016035705339164e-05, "min_step": 1889, "num": 1890}