{"max": -0.00014406019181478769, "max_step": 0, "min": -0.014840742573142052, "min_step": 573, "num": 590}