{"max": -0.016777198761701584, "max_step": 0, "min": -0.021634578704833984, "min_step": 4, "num": 49}