{"max": 0.0210156932589598, "max_step": 0, "min": -0.010546657163649798, "min_step": 330, "num": 2821}