{"max": -0.00035981525434181094, "max_step": 0, "min": -0.013952607288956642, "min_step": 2819, "num": 2821}