{"max": -0.02321074903011322, "max_step": 842, "min": -0.14979884028434753, "min_step": 3460, "num": 3467}