{"max":0.13686466217041016,"max_step":0,"min":0.03173995018005371,"min_step":37,"num":55}