{"max": 0.004188581369817257, "max_step": 1384, "min": 0.0007432041456922889, "min_step": 72, "num": 1401}