{"max":-0.0028447071090340614,"max_step":45,"min":-0.004877068102359772,"min_step":0,"num":55}