{"max": 0.00815965048968792, "max_step": 912, "min": 0.0009259791113436222, "min_step": 0, "num": 914}