{"max": -0.0007930323481559753, "max_step": 0, "min": -0.010607423260807991, "min_step": 559, "num": 590}