{"max": -0.136188805103302, "max_step": 0, "min": -0.20000001788139343, "min_step": 8, "num": 590}