{"max": -0.01812509074807167, "max_step": 1163, "min": -0.059585146605968475, "min_step": 10, "num": 1890}