{"max": -0.002246430143713951, "max_step": 0, "min": -0.19070236384868622, "min_step": 3067, "num": 3467}