{"max": 0.001161363790743053, "max_step": 17, "min": 0.0005773275624960661, "min_step": 0, "num": 49}