{"Episode_rew/rew_action_difference": 0.0018926903139799833, "Episode_rew/rew_ang_vel_xy": -0.019116872921586037, "Episode_rew/rew_base_acc": 0.0013666595332324505, "Episode_rew/rew_base_height": 9.544286876916885e-05, "Episode_rew/rew_dof_acc": -0.02091623842716217, "Episode_rew/rew_dof_pos_limits": -0.040033210068941116, "Episode_rew/rew_dof_vel": -0.0005644791526719928, "Episode_rew/rew_foot_height": -0.02149333618581295, "Episode_rew/rew_foot_position_stand": -0.00046051302342675626, "Episode_rew/rew_lin_vel_z": -0.0025535891763865948, "Episode_rew/rew_torques": 0.0029703935142606497, "Episode_rew/rew_tracking_ang_vel": 0.058187466114759445, "Episode_rew/rew_tracking_lin_vel": 0.08292040228843689, "Episode_rew/rew_tracking_x_vel": 0.04883702099323273, "Episode_rew/rew_tracking_y_vel": 0.06104268878698349, "Loss/surrogate": -0.0010961071817291667, "Loss/learning_rate": 0.00017085937500000009, "Policy/mean_noise_std": 1.9298969507217407, "Perf/total_fps": 33237, "Perf/collection time": 2.816570281982422, "Perf/learning_time": 0.14109349250793457, "Train/mean_reward": 2.9735484361834823, "Train/mean_episode_length": 135.83, "_timestamp": 1717332861.827092, "_runtime": 2292.9306609630585, "_step": 1096, "_wandb": {"runtime": 2287}}