{"max":-1.9529261408024468e-7,"max_step":0,"min":-1.473257157158514e-6,"min_step":45,"num":55}