{"max": -3.9398509916104376, "max_step": 0, "min": -3.999158024787903, "min_step": 322, "num": 360}