{"max": -0.00036746225669048727, "max_step": 0, "min": -0.026120096445083618, "min_step": 3421, "num": 3467}