{"max": -0.0006465037586167455, "max_step": 0, "min": -0.007495359983295202, "min_step": 2819, "num": 2821}