{"max": 0.013667413964867592, "max_step": 1387, "min": 0.0015352939954027534, "min_step": 0, "num": 1401}