{"max": -0.0006550563266500831, "max_step": 0, "min": -0.008066495880484581, "min_step": 571, "num": 590}