{"max":-0.00015024332969915122,"max_step":12,"min":-0.01696736179292202,"min_step":44,"num":55}