{"max": 0.006784069214336341, "max_step": 8, "min": -0.016545794380363077, "min_step": 301, "num": 360}