{"max": -0.13667549192905426, "max_step": 0, "min": -0.20000001788139343, "min_step": 7, "num": 49}