{"max": -0.022827334702014923, "max_step": 2361, "min": -0.047948770225048065, "min_step": 75, "num": 2821}