{"max":-0.009210209362208843,"max_step":0,"min":-0.02255488745868206,"min_step":18,"num":19}