{"max": -0.046167612075805664, "max_step": 101, "min": -0.07059119641780853, "min_step": 15, "num": 109}