{"max": 8.025282859802246, "max_step": 0, "min": 0.5442500114440918, "min_step": 2, "num": 49}