{"Episode_rew/rew_action_rate": -0.003952549304813147, "Episode_rew/rew_ang_vel_xy": -0.010389863513410091, "Episode_rew/rew_base_acc": 0.0001501650840509683, "Episode_rew/rew_base_height": 0.00016474002040922642, "Episode_rew/rew_dof_acc": -0.03106898069381714, "Episode_rew/rew_dof_pos_limits": -0.0021463960874825716, "Episode_rew/rew_dof_vel": -0.0015944888582453132, "Episode_rew/rew_foot_height": -0.0033220546320080757, "Episode_rew/rew_joint_power": -0.0008497891831211746, "Episode_rew/rew_lin_vel_z": -0.005791579373180866, "Episode_rew/rew_orientation": -0.0006079559680074453, "Episode_rew/rew_smoothness": -0.007491245865821838, "Episode_rew/rew_stand_still": -0.0007420199690386653, "Episode_rew/rew_torques": -0.000571313954424113, "Episode_rew/rew_tracking_ang_vel": 0.004836695268750191, "Episode_rew/rew_tracking_lin_vel": 0.005390427075326443, "Episode_rew/terrain_level": 0.0, "Loss/surrogate": -0.007735192091786303, "Loss/learning_rate": 0.00038443359375000017, "Policy/mean_noise_std": 0.6638858914375305, "Perf/total_fps": 28226, "Perf/collection time": 3.2032060623168945, "Perf/learning_time": 0.27949023246765137, "Train/mean_reward": 0.016861150447512047, "Train/mean_episode_length": 22.89, "_timestamp": 1717326616.1942005, "_runtime": 1459.7532835006714, "_step": 118, "_wandb": {"runtime": 1457}}