{"max": -0.0007449485128745437, "max_step": 0, "min": -0.0012927185744047165, "min_step": 60, "num": 63}