{"max": 0.017230329164885917, "max_step": 0, "min": -0.010968924197368324, "min_step": 141, "num": 1890}