{"max": 0.033859732776181775, "max_step": 17, "min": -0.0104044089326635, "min_step": 635, "num": 3467}