{"max": 0.004895863588899374, "max_step": 105, "min": 0.0015462086303159595, "min_step": 0, "num": 109}