{"max": 0.20097756385803223, "max_step": 0, "min": 0.1208348274230957, "min_step": 14, "num": 2821}