{"max": 0.00572015704237856, "max_step": 0, "min": -0.01722491887048818, "min_step": 733, "num": 1581}