{"max":0.16601914167404175,"max_step":43,"min":0.004950409755110741,"min_step":0,"num":55}