{"max": -0.0002627221401780844, "max_step": 73, "min": -0.0013213239144533873, "min_step": 1295, "num": 1401}