{"max": 6846.47900390625, "max_step": 0, "min": 2.0412299633026123, "min_step": 1889, "num": 1890}