{"max": -0.01659346930682659, "max_step": 0, "min": -0.09201399981975555, "min_step": 1551, "num": 1581}