{"max": 6898.20947265625, "max_step": 0, "min": 2.6861045360565186, "min_step": 631, "num": 649}