{"max": -0.0013472840655595064, "max_step": 0, "min": -0.14483526349067688, "min_step": 3363, "num": 3467}