{"max": 7.839464902877808, "max_step": 1200, "min": 0.5244321823120117, "min_step": 1, "num": 1581}