{"Episode_rew/rew_action_difference": 0.007934113964438438, "Episode_rew/rew_ang_vel_xy": -0.06630362570285797, "Episode_rew/rew_base_acc": 0.003462394466623664, "Episode_rew/rew_base_height": 0.016073349863290787, "Episode_rew/rew_dof_acc": -0.12534832954406738, "Episode_rew/rew_dof_pos_limits": -0.05243078991770744, "Episode_rew/rew_dof_vel": -0.0032172496430575848, "Episode_rew/rew_feet_air_time": -0.004608760587871075, "Episode_rew/rew_foot_height": -0.02372988685965538, "Episode_rew/rew_foot_position_stand": -0.00036015661316923797, "Episode_rew/rew_lin_vel_z": -0.015048101544380188, "Episode_rew/rew_orientation": -0.009114429354667664, "Episode_rew/rew_torques": 0.010747887194156647, "Episode_rew/rew_tracking_ang_vel": 0.1279371976852417, "Episode_rew/rew_tracking_lin_vel": 0.3680605888366699, "Episode_rew/rew_tracking_x_vel": 0.6573805809020996, "Episode_rew/rew_tracking_y_vel": 0.6709189414978027, "Loss/surrogate": -0.005837726726895198, "Loss/learning_rate": 0.00017341529915832616, "Policy/mean_noise_std": 0.9747215509414673, "Perf/total_fps": 8641, "Perf/collection time": 11.083321809768677, "Perf/learning_time": 0.29291749000549316, "Train/mean_reward": 30.464182175286115, "Train/mean_episode_length": 516.14, "_timestamp": 1717386543.1880615, "_runtime": 1587.8714394569397, "_step": 837, "_wandb": {"runtime": 1592}}