{"max": 19.299044803436846, "max_step": 3076, "min": 0.017500678887590767, "min_step": 2, "num": 3467}