{"max": -0.047128211706876755, "max_step": 38, "min": -0.11470083892345428, "min_step": 348, "num": 360}