{"max":3.071626901626587,"max_step":0,"min":0.49387359619140625,"min_step":1,"num":19}