{"max": 0.019253069534897804, "max_step": 648, "min": 0.0015984936617314816, "min_step": 0, "num": 649}