{"max": 1.079166293144226, "max_step": 62, "min": 1.0054728984832764, "min_step": 0, "num": 63}