{"max": -0.01616774871945381, "max_step": 1398, "min": -0.05161070078611374, "min_step": 4, "num": 1401}