{"max": 7.724765300750732, "max_step": 190, "min": 0.46966981887817383, "min_step": 2871, "num": 3467}