{"max": 0.05426788330078125, "max_step": 3421, "min": 0.0004472580912988633, "min_step": 0, "num": 3467}