{"max": -0.0006498521543107927, "max_step": 0, "min": -0.007663040421903133, "min_step": 1559, "num": 1581}