{"max": -3.8924959260970353, "max_step": 0, "min": -3.9868257021903992, "min_step": 12, "num": 63}