{"max": -0.03073301911354065, "max_step": 0, "min": -0.17257748544216156, "min_step": 344, "num": 360}