{"max": -0.0003670562000479549, "max_step": 0, "min": -0.00192283745855093, "min_step": 912, "num": 914}