{"max":0.009946517238859087,"max_step":0,"min":-0.002780087925202679,"min_step":16,"num":19}