{"max": 6911.6728515625, "max_step": 0, "min": 2.093989133834839, "min_step": 1586, "num": 8662}