{"max": -0.0007457653991878033, "max_step": 0, "min": -0.0013430615654215217, "min_step": 36, "num": 49}