{"max": 0.17799639701843262, "max_step": 0, "min": 0.12064552307128906, "min_step": 7, "num": 590}