{"max": -0.011127801612019539, "max_step": 0, "min": -10.7494535446167, "min_step": 1578, "num": 1581}