{"max":0.010580455884337425,"max_step":18,"min":0.007381116505712271,"min_step":0,"num":19}