{"max": -0.1349206268787384, "max_step": 0, "min": -0.20000001788139343, "min_step": 10, "num": 63}