{"max": -0.00044130737660452724, "max_step": 0, "min": -0.016649536788463593, "min_step": 1020, "num": 8662}