{"Episode_rew/rew_action_rate": -0.004802005365490913, "Episode_rew/rew_ang_vel_xy": -0.014161987230181694, "Episode_rew/rew_base_acc": 8.044630521908402e-05, "Episode_rew/rew_base_height": 0.00010535771434661001, "Episode_rew/rew_dof_acc": -0.027902409434318542, "Episode_rew/rew_dof_pos_limits": -0.001268200110644102, "Episode_rew/rew_dof_vel": -0.0011902640108019114, "Episode_rew/rew_foot_height": -0.0020157117396593094, "Episode_rew/rew_joint_power": -0.000689440406858921, "Episode_rew/rew_lin_vel_z": -0.00751651544123888, "Episode_rew/rew_orientation": -0.0006703207618556917, "Episode_rew/rew_smoothness": -0.013799477368593216, "Episode_rew/rew_stand_still": -0.0005007598083466291, "Episode_rew/rew_torques": -0.00045173533726483583, "Episode_rew/rew_tracking_ang_vel": 0.0022280742414295673, "Episode_rew/rew_tracking_lin_vel": 0.0037332221399992704, "Episode_rew/terrain_level": 0.0680338591337204, "Loss/surrogate": -0.0027342852961737664, "Loss/learning_rate": 0.01, "Policy/mean_noise_std": 1.0247869491577148, "Perf/total_fps": 27082, "Perf/collection time": 3.354581117630005, "Perf/learning_time": 0.2751734256744385, "Train/mean_reward": 0.0010948608862236143, "Train/mean_episode_length": 16.06, "_timestamp": 1717325125.4908848, "_runtime": 99.44559788703918, "_step": 6, "_wandb": {"runtime": 96}}