{"Episode_rew/rew_action_difference": 0.0068654147908091545, "Episode_rew/rew_ang_vel_xy": -0.059457313269376755, "Episode_rew/rew_base_acc": 0.004580856300890446, "Episode_rew/rew_base_height": 0.012074597179889679, "Episode_rew/rew_dof_acc": -0.20495206117630005, "Episode_rew/rew_dof_pos_limits": -0.07685846090316772, "Episode_rew/rew_dof_vel": -0.005020735785365105, "Episode_rew/rew_feet_air_time": -0.007702293805778027, "Episode_rew/rew_foot_height": -0.0395103320479393, "Episode_rew/rew_foot_position_stand": -0.00028707110323011875, "Episode_rew/rew_lin_vel_z": -0.01675691083073616, "Episode_rew/rew_orientation": -0.009225159883499146, "Episode_rew/rew_torques": 0.010955415666103363, "Episode_rew/rew_tracking_ang_vel": 0.13752435147762299, "Episode_rew/rew_tracking_lin_vel": 0.3755128085613251, "Episode_rew/rew_tracking_x_vel": 0.9006053805351257, "Episode_rew/rew_tracking_y_vel": 0.9089779853820801, "Loss/surrogate": -0.0063101084051595535, "Loss/learning_rate": 0.00026012294873748907, "Policy/mean_noise_std": 1.733933448791504, "Perf/total_fps": 36770, "Perf/collection time": 2.3967771530151367, "Perf/learning_time": 0.27666568756103516, "Train/mean_reward": 44.16260670404881, "Train/mean_episode_length": 607.59, "_timestamp": 1717389591.402578, "_runtime": 2943.8107590675354, "_step": 1633, "_wandb": {"runtime": 2941}}