{"max": -0.0031790677458047867, "max_step": 360, "min": -0.06057526916265488, "min_step": 5, "num": 649}