{"max": 0.01627437397837639, "max_step": 501, "min": 0.0008796053007245064, "min_step": 0, "num": 590}