{"max": 0.02197805792093277, "max_step": 2548, "min": 0.0005814975593239069, "min_step": 0, "num": 2821}