{"max": -0.0005960536655038595, "max_step": 339, "min": -0.0012126299552619457, "min_step": 648, "num": 649}