{"max": -0.016757270321249962, "max_step": 870, "min": -0.06017112359404564, "min_step": 7, "num": 914}