{"max": -0.004502668511122465, "max_step": 0, "min": -54.09918975830078, "min_step": 6958, "num": 8662}