{"max": 1.0626355545502155, "max_step": 840, "min": 0.019693909909110515, "min_step": 0, "num": 914}