{"Episode_rew/rew_action_rate": -1.9269566535949707, "Episode_rew/rew_ang_vel_xy": -0.07301122695207596, "Episode_rew/rew_base_acc": 0.0005513504147529602, "Episode_rew/rew_base_height": 0.0010325305629521608, "Episode_rew/rew_dof_acc": -0.2066941261291504, "Episode_rew/rew_dof_pos_limits": -0.04443415254354477, "Episode_rew/rew_dof_vel": -0.004624017979949713, "Episode_rew/rew_foot_height": -0.017908092588186264, "Episode_rew/rew_joint_power": -0.005209926515817642, "Episode_rew/rew_lin_vel_z": -0.11462277173995972, "Episode_rew/rew_orientation": -0.006439029239118099, "Episode_rew/rew_smoothness": -4.682703495025635, "Episode_rew/rew_stand_still": -0.011979329399764538, "Episode_rew/rew_termination": -0.19058077037334442, "Episode_rew/rew_torques": -0.014209462329745293, "Episode_rew/rew_tracking_ang_vel": 0.022826358675956726, "Episode_rew/rew_tracking_lin_vel": 0.1252349317073822, "Episode_rew/terrain_level": 0.197662353515625, "Loss/surrogate": -0.016158372955396773, "Loss/learning_rate": 0.0002601229487374891, "Policy/mean_noise_std": 4.13657283782959, "Perf/total_fps": 8086, "Perf/collection time": 11.840679168701172, "Perf/learning_time": 0.31565093994140625, "Train/mean_reward": -3.84, "Train/mean_episode_length": 154.57, "_timestamp": 1717321053.0924847, "_runtime": 3045.324111700058, "_step": 1348, "_wandb": {"runtime": 3040}}