{"max": -0.009156350046396255, "max_step": 0, "min": -0.03903239220380783, "min_step": 62, "num": 63}