{"max": -0.00036072212969884276, "max_step": 0, "min": -0.019602403044700623, "min_step": 1578, "num": 1581}