{"Episode_rew/rew_action_rate": -0.005037421826273203, "Episode_rew/rew_ang_vel_xy": -0.014337006956338882, "Episode_rew/rew_base_acc": 8.757556497585028e-05, "Episode_rew/rew_base_height": 0.00010742997983470559, "Episode_rew/rew_dof_acc": -0.029305389150977135, "Episode_rew/rew_dof_pos_limits": -0.0013589257141575217, "Episode_rew/rew_dof_vel": -0.001240050420165062, "Episode_rew/rew_foot_height": -0.0021816170774400234, "Episode_rew/rew_joint_power": -0.000727825507055968, "Episode_rew/rew_lin_vel_z": -0.0071304915472865105, "Episode_rew/rew_orientation": -0.0006877031992189586, "Episode_rew/rew_smoothness": -0.014098494313657284, "Episode_rew/rew_stand_still": -0.00046688923612236977, "Episode_rew/rew_torques": -0.0004596379294525832, "Episode_rew/rew_tracking_ang_vel": 0.00267717894166708, "Episode_rew/rew_tracking_lin_vel": 0.004400658421218395, "Episode_rew/terrain_level": 0.00807698629796505, "Loss/surrogate": -0.004008036403683945, "Loss/learning_rate": 0.01, "Policy/mean_noise_std": 1.0066136121749878, "Perf/total_fps": 7945, "Perf/collection time": 12.09510326385498, "Perf/learning_time": 0.2776048183441162, "Train/mean_reward": 0.0006865555606782437, "Train/mean_episode_length": 16.77, "_timestamp": 1717326872.4326563, "_runtime": 220.90437030792236, "_step": 11, "_wandb": {"runtime": 222}}