{"max": -0.00047109703882597387, "max_step": 113, "min": -0.0009774090722203255, "min_step": 14, "num": 1401}