{"max": -0.0011864316184073687, "max_step": 66, "min": -0.009047395549714565, "min_step": 1393, "num": 1401}