{"max": 0.0043726833537220955, "max_step": 61, "min": 0.0015706669073551893, "min_step": 0, "num": 63}