{"max": -0.006095826160162687, "max_step": 0, "min": -2.6649489402770996, "min_step": 571, "num": 590}