{"max":-0.0002997047849930823,"max_step":26,"min":-0.005209295079112053,"min_step":43,"num":55}