{"max": -5.637440276145935, "max_step": 46, "min": -7.330402431488037, "min_step": 5, "num": 49}