{"max": 0.008293312974274158, "max_step": 648, "min": 0.0009105305653065443, "min_step": 0, "num": 649}