{"max": 0.1781928539276123, "max_step": 0, "min": 0.12133526802062988, "min_step": 342, "num": 360}