{"max": 0.0026570032350718975, "max_step": 36, "min": 0.0015736225759610534, "min_step": 0, "num": 49}