{"max": -0.01673213392496109, "max_step": 0, "min": -0.025858789682388306, "min_step": 32, "num": 109}