{"max": -0.006111073773354292, "max_step": 0, "min": -5.131158351898193, "min_step": 1578, "num": 1581}