{"max": 0.024386878969380632, "max_step": 0, "min": -0.016428770322090714, "min_step": 94, "num": 109}