{"max": -0.045637547969818115, "max_step": 53, "min": -0.06333844363689423, "min_step": 16, "num": 63}