{"max": 0.005645944620482624, "max_step": 5, "min": -0.01675656445149798, "min_step": 205, "num": 590}