{"max": -0.012170784175395966, "max_step": 905, "min": -0.025643911212682724, "min_step": 1, "num": 914}