{"max":-0.03216595947742462,"max_step":0,"min":-0.048145316541194916,"min_step":18,"num":19}