{"max": -0.0011889562010765076, "max_step": 0, "min": -0.05146819353103638, "min_step": 2819, "num": 2821}