{"max":4.7934244148246945,"max_step":41,"min":0.026609193733893335,"min_step":0,"num":55}